{
  "30717": {
    "name": "Tokyo concerts",
    "slug": "japan-tokyo",
    "full_slug": "30717-japan-tokyo"
  },
  "30647": {
    "name": "",
    "slug": "japan-osaka",
    "full_slug": "30647-japan-osaka"
  },
  "30611": {
    "name": "",
    "slug": "japan-nagoya",
    "full_slug": "30611-japan-nagoya"
  },
  "30571": {
    "name": "",
    "slug": "japan-kyoto",
    "full_slug": "30571-japan-kyoto"
  },
  "30434": {
    "name": "",
    "slug": "japan-fukuoka",
    "full_slug": "30434-japan-fukuoka"
  },
  "30754": {
    "name": "",
    "slug": "japan-yokohama",
    "full_slug": "30754-japan-yokohama"
  },
  "30668": {
    "name": "",
    "slug": "japan-sapporo",
    "full_slug": "30668-japan-sapporo"
  },
  "30545": {
    "name": "",
    "slug": "japan-kobe",
    "full_slug": "30545-japan-kobe"
  },
  "30470": {
    "name": "",
    "slug": "japan-hiroshima",
    "full_slug": "30470-japan-hiroshima"
  },
  "30673": {
    "name": "",
    "slug": "japan-sendai",
    "full_slug": "30673-japan-sendai"
  },
  "30619": {
    "name": "",
    "slug": "japan-niigata",
    "full_slug": "30619-japan-niigata"
  },
  "30534": {
    "name": "",
    "slug": "japan-kawasaki",
    "full_slug": "30534-japan-kawasaki"
  },
  "30684": {
    "name": "",
    "slug": "japan-shizuoka",
    "full_slug": "30684-japan-shizuoka"
  },
  "30453": {
    "name": "",
    "slug": "japan-hamamatsu",
    "full_slug": "30453-japan-hamamatsu"
  },
  "30518": {
    "name": "",
    "slug": "japan-kanazawa",
    "full_slug": "30518-japan-kanazawa"
  },
  "30637": {
    "name": "",
    "slug": "japan-okayama",
    "full_slug": "30637-japan-okayama"
  },
  "30606": {
    "name": "",
    "slug": "japan-nagano",
    "full_slug": "30606-japan-nagano"
  },
  "30641": {
    "name": "",
    "slug": "japan-okinawa",
    "full_slug": "30641-japan-okinawa"
  },
  "58226": {
    "name": "",
    "slug": "japan-kichijoji",
    "full_slug": "58226-japan-kichijoji"
  },
  "30696": {
    "name": "",
    "slug": "japan-takamatsu",
    "full_slug": "30696-japan-takamatsu"
  },
  "30443": {
    "name": "",
    "slug": "japan-gifu",
    "full_slug": "30443-japan-gifu"
  },
  "30563": {
    "name": "",
    "slug": "japan-kumamoto",
    "full_slug": "30563-japan-kumamoto"
  },
  "30748": {
    "name": "",
    "slug": "japan-yamagata",
    "full_slug": "30748-japan-yamagata"
  },
  "30580": {
    "name": "",
    "slug": "japan-matsumoto",
    "full_slug": "30580-japan-matsumoto"
  },
  "30433": {
    "name": "",
    "slug": "japan-fukui",
    "full_slug": "30433-japan-fukui"
  },
  "30546": {
    "name": "",
    "slug": "japan-kochi",
    "full_slug": "30546-japan-kochi"
  },
  "30598": {
    "name": "",
    "slug": "japan-morioka",
    "full_slug": "30598-japan-morioka"
  },
  "30582": {
    "name": "",
    "slug": "japan-matsuyama",
    "full_slug": "30582-japan-matsuyama"
  },
  "30510": {
    "name": "",
    "slug": "japan-kagoshima",
    "full_slug": "30510-japan-kagoshima"
  },
  "30724": {
    "name": "",
    "slug": "japan-toyama",
    "full_slug": "30724-japan-toyama"
  },
  "30615": {
    "name": "",
    "slug": "japan-nara",
    "full_slug": "30615-japan-nara"
  },
  "68726": {
    "name": "",
    "slug": "japan-hakata",
    "full_slug": "68726-japan-hakata"
  },
  "30741": {
    "name": "",
    "slug": "japan-utsunomiya",
    "full_slug": "30741-japan-utsunomiya"
  },
  "30588": {
    "name": "",
    "slug": "japan-mito",
    "full_slug": "30588-japan-mito"
  },
  "30753": {
    "name": "",
    "slug": "japan-yokkaichi",
    "full_slug": "30753-japan-yokkaichi"
  },
  "30526": {
    "name": "",
    "slug": "japan-kashiwa",
    "full_slug": "30526-japan-kashiwa"
  },
  "57191": {
    "name": "",
    "slug": "japan-yamanashi",
    "full_slug": "57191-japan-yamanashi"
  },
  "30609": {
    "name": "",
    "slug": "japan-nagasaki",
    "full_slug": "30609-japan-nagasaki"
  },
  "30749": {
    "name": "",
    "slug": "japan-yamaguchi",
    "full_slug": "30749-japan-yamaguchi"
  },
  "30592": {
    "name": "",
    "slug": "japan-miyazaki",
    "full_slug": "30592-japan-miyazaki"
  },
  "30715": {
    "name": "",
    "slug": "japan-tokushima",
    "full_slug": "30715-japan-tokushima"
  },
  "30581": {
    "name": "",
    "slug": "japan-matsusaka",
    "full_slug": "30581-japan-matsusaka"
  },
  "30515": {
    "name": "",
    "slug": "japan-kamakura",
    "full_slug": "30515-japan-kamakura"
  },
  "30755": {
    "name": "",
    "slug": "japan-yokosuka",
    "full_slug": "30755-japan-yokosuka"
  },
  "30636": {
    "name": "",
    "slug": "japan-oita",
    "full_slug": "30636-japan-oita"
  },
  "30408": {
    "name": "",
    "slug": "japan-aomori",
    "full_slug": "30408-japan-aomori"
  },
  "30548": {
    "name": "",
    "slug": "japan-kofu",
    "full_slug": "30548-japan-kofu"
  },
  "30403": {
    "name": "",
    "slug": "japan-akita",
    "full_slug": "30403-japan-akita"
  },
  "30558": {
    "name": "",
    "slug": "japan-koriyama",
    "full_slug": "30558-japan-koriyama"
  },
  "30574": {
    "name": "",
    "slug": "japan-maebashi",
    "full_slug": "30574-japan-maebashi"
  },
  "30656": {
    "name": "",
    "slug": "japan-saga",
    "full_slug": "30656-japan-saga"
  },
  "30743": {
    "name": "",
    "slug": "japan-wakayama",
    "full_slug": "30743-japan-wakayama"
  },
  "68746": {
    "name": "",
    "slug": "japan-hyogo",
    "full_slug": "68746-japan-hyogo"
  },
  "30543": {
    "name": "",
    "slug": "japan-kitakyushu",
    "full_slug": "30543-japan-kitakyushu"
  },
  "30651": {
    "name": "",
    "slug": "japan-otsu",
    "full_slug": "30651-japan-otsu"
  },
  "30699": {
    "name": "",
    "slug": "japan-takasaki",
    "full_slug": "30699-japan-takasaki"
  },
  "30409": {
    "name": "",
    "slug": "japan-asahikawa",
    "full_slug": "30409-japan-asahikawa"
  },
  "99241": {
    "name": "",
    "slug": "japan-mie",
    "full_slug": "99241-japan-mie"
  },
  "30413": {
    "name": "",
    "slug": "japan-atsugi",
    "full_slug": "30413-japan-atsugi"
  },
  "30718": {
    "name": "",
    "slug": "japan-tomakomai",
    "full_slug": "30718-japan-tomakomai"
  },
  "30436": {
    "name": "",
    "slug": "japan-fukushima",
    "full_slug": "30436-japan-fukushima"
  },
  "30464": {
    "name": "",
    "slug": "japan-himeji",
    "full_slug": "30464-japan-himeji"
  },
  "30437": {
    "name": "",
    "slug": "japan-fukuyama",
    "full_slug": "30437-japan-fukuyama"
  },
  "30725": {
    "name": "",
    "slug": "japan-toyohashi",
    "full_slug": "30725-japan-toyohashi"
  },
  "30427": {
    "name": "",
    "slug": "japan-fuji",
    "full_slug": "30427-japan-fuji"
  },
  "30444": {
    "name": "",
    "slug": "japan-ginowan",
    "full_slug": "30444-japan-ginowan"
  },
  "30612": {
    "name": "",
    "slug": "japan-naha",
    "full_slug": "30612-japan-naha"
  },
  "30435": {
    "name": "",
    "slug": "japan-fukuroi",
    "full_slug": "30435-japan-fukuroi"
  },
  "30451": {
    "name": "",
    "slug": "japan-hakodate",
    "full_slug": "30451-japan-hakodate"
  },
  "30430": {
    "name": "",
    "slug": "japan-fujisawa",
    "full_slug": "30430-japan-fujisawa"
  },
  "30565": {
    "name": "",
    "slug": "japan-kurashiki",
    "full_slug": "30565-japan-kurashiki"
  },
  "30710": {
    "name": "",
    "slug": "japan-tochigi",
    "full_slug": "30710-japan-tochigi"
  },
  "99236": {
    "name": "",
    "slug": "japan-ishikawa",
    "full_slug": "99236-japan-ishikawa"
  },
  "30572": {
    "name": "",
    "slug": "japan-machida",
    "full_slug": "30572-japan-machida"
  },
  "30756": {
    "name": "",
    "slug": "japan-yonago",
    "full_slug": "30756-japan-yonago"
  },
  "30440": {
    "name": "",
    "slug": "japan-fussa",
    "full_slug": "30440-japan-fussa"
  },
  "30669": {
    "name": "",
    "slug": "japan-sasebo",
    "full_slug": "30669-japan-sasebo"
  },
  "99251": {
    "name": "",
    "slug": "japan-rifu",
    "full_slug": "99251-japan-rifu"
  },
  "58196": {
    "name": "",
    "slug": "japan-kokura",
    "full_slug": "58196-japan-kokura"
  },
  "30442": {
    "name": "",
    "slug": "japan-gamagori",
    "full_slug": "30442-japan-gamagori"
  },
  "30579": {
    "name": "",
    "slug": "japan-matsue",
    "full_slug": "30579-japan-matsue"
  },
  "30639": {
    "name": "",
    "slug": "japan-okazaki",
    "full_slug": "30639-japan-okazaki"
  },
  "33189": {
    "name": "",
    "slug": "japan-kushiro",
    "full_slug": "33189-japan-kushiro"
  },
  "30723": {
    "name": "",
    "slug": "japan-tottori",
    "full_slug": "30723-japan-tottori"
  },
  "30649": {
    "name": "",
    "slug": "japan-otaru",
    "full_slug": "30649-japan-otaru"
  },
  "30492": {
    "name": "",
    "slug": "japan-ise",
    "full_slug": "30492-japan-ise"
  },
  "30568": {
    "name": "",
    "slug": "japan-kurume",
    "full_slug": "30568-japan-kurume"
  },
  "30428": {
    "name": "",
    "slug": "japan-fujinomiya",
    "full_slug": "30428-japan-fujinomiya"
  },
  "30455": {
    "name": "",
    "slug": "japan-handa",
    "full_slug": "30455-japan-handa"
  },
  "30501": {
    "name": "",
    "slug": "japan-iwaki",
    "full_slug": "30501-japan-iwaki"
  },
  "30729": {
    "name": "",
    "slug": "japan-tsukuba",
    "full_slug": "30729-japan-tsukuba"
  },
  "30478": {
    "name": "",
    "slug": "japan-ichinomiya",
    "full_slug": "30478-japan-ichinomiya"
  },
  "30538": {
    "name": "",
    "slug": "japan-kiryu",
    "full_slug": "30538-japan-kiryu"
  },
  "30630": {
    "name": "",
    "slug": "japan-obihiro",
    "full_slug": "30630-japan-obihiro"
  },
  "30655": {
    "name": "",
    "slug": "japan-sagamihara",
    "full_slug": "30655-japan-sagamihara"
  },
  "30425": {
    "name": "",
    "slug": "japan-fuchu",
    "full_slug": "30425-japan-fuchu"
  },
  "30417": {
    "name": "",
    "slug": "japan-chigasaki",
    "full_slug": "30417-japan-chigasaki"
  },
  "30463": {
    "name": "",
    "slug": "japan-hikone",
    "full_slug": "30463-japan-hikone"
  },
  "30469": {
    "name": "",
    "slug": "japan-hirosaki",
    "full_slug": "30469-japan-hirosaki"
  },
  "30471": {
    "name": "",
    "slug": "japan-hitachi",
    "full_slug": "30471-japan-hitachi"
  },
  "176264": {
    "name": "",
    "slug": "japan-chugoku",
    "full_slug": "176264-japan-chugoku"
  },
  "30414": {
    "name": "",
    "slug": "japan-beppu",
    "full_slug": "30414-japan-beppu"
  },
  "30449": {
    "name": "",
    "slug": "japan-hachioji",
    "full_slug": "30449-japan-hachioji"
  },
  "30494": {
    "name": "",
    "slug": "japan-ishikari",
    "full_slug": "30494-japan-ishikari"
  },
  "30503": {
    "name": "",
    "slug": "japan-iwamizawa",
    "full_slug": "30503-japan-iwamizawa"
  },
  "30733": {
    "name": "",
    "slug": "japan-tsu",
    "full_slug": "30733-japan-tsu"
  },
  "68761": {
    "name": "",
    "slug": "japan-kadena",
    "full_slug": "68761-japan-kadena"
  },
  "176266": {
    "name": "",
    "slug": "japan-ibaraki-prefecture",
    "full_slug": "176266-japan-ibaraki-prefecture"
  },
  "30448": {
    "name": "",
    "slug": "japan-hachinohe",
    "full_slug": "30448-japan-hachinohe"
  },
  "30562": {
    "name": "",
    "slug": "japan-kumagaya",
    "full_slug": "30562-japan-kumagaya"
  },
  "30629": {
    "name": "",
    "slug": "japan-numazu",
    "full_slug": "30629-japan-numazu"
  },
  "30645": {
    "name": "",
    "slug": "japan-onomichi",
    "full_slug": "30645-japan-onomichi"
  },
  "30502": {
    "name": "",
    "slug": "japan-iwakuni",
    "full_slug": "30502-japan-iwakuni"
  },
  "30512": {
    "name": "",
    "slug": "japan-kakamigahara",
    "full_slug": "30512-japan-kakamigahara"
  },
  "30757": {
    "name": "",
    "slug": "japan-yonezawa",
    "full_slug": "30757-japan-yonezawa"
  },
  "30664": {
    "name": "",
    "slug": "japan-saku",
    "full_slug": "30664-japan-saku"
  },
  "30407": {
    "name": "",
    "slug": "japan-anjo",
    "full_slug": "30407-japan-anjo"
  },
  "30544": {
    "name": "",
    "slug": "japan-kitami",
    "full_slug": "30544-japan-kitami"
  },
  "30569": {
    "name": "",
    "slug": "japan-kusatsu",
    "full_slug": "30569-japan-kusatsu"
  },
  "30607": {
    "name": "",
    "slug": "japan-nagaoka",
    "full_slug": "30607-japan-nagaoka"
  },
  "30730": {
    "name": "",
    "slug": "japan-tsuruga",
    "full_slug": "30730-japan-tsuruga"
  },
  "30728": {
    "name": "",
    "slug": "japan-toyota",
    "full_slug": "30728-japan-toyota"
  },
  "30763": {
    "name": "",
    "slug": "japan-zushi",
    "full_slug": "30763-japan-zushi"
  },
  "68786": {
    "name": "",
    "slug": "japan-misawa",
    "full_slug": "68786-japan-misawa"
  },
  "30424": {
    "name": "",
    "slug": "japan-ebetsu",
    "full_slug": "30424-japan-ebetsu"
  },
  "30476": {
    "name": "",
    "slug": "japan-ichihara",
    "full_slug": "30476-japan-ichihara"
  },
  "30617": {
    "name": "",
    "slug": "japan-narita",
    "full_slug": "30617-japan-narita"
  },
  "30508": {
    "name": "",
    "slug": "japan-izumo",
    "full_slug": "30508-japan-izumo"
  },
  "30697": {
    "name": "",
    "slug": "japan-takaoka",
    "full_slug": "30697-japan-takaoka"
  },
  "30735": {
    "name": "",
    "slug": "japan-ube",
    "full_slug": "30735-japan-ube"
  },
  "30738": {
    "name": "",
    "slug": "japan-uji",
    "full_slug": "30738-japan-uji"
  },
  "68731": {
    "name": "",
    "slug": "japan-hakone",
    "full_slug": "68731-japan-hakone"
  },
  "58047": {
    "name": "",
    "slug": "japan-yokota",
    "full_slug": "58047-japan-yokota"
  },
  "30411": {
    "name": "",
    "slug": "japan-ashikaga",
    "full_slug": "30411-japan-ashikaga"
  },
  "30613": {
    "name": "",
    "slug": "japan-nakatsugawa",
    "full_slug": "30613-japan-nakatsugawa"
  },
  "30614": {
    "name": "",
    "slug": "japan-nakatsu",
    "full_slug": "30614-japan-nakatsu"
  },
  "30644": {
    "name": "",
    "slug": "japan-omuta",
    "full_slug": "30644-japan-omuta"
  },
  "30487": {
    "name": "",
    "slug": "japan-ina",
    "full_slug": "30487-japan-ina"
  },
  "30493": {
    "name": "",
    "slug": "japan-isesaki",
    "full_slug": "30493-japan-isesaki"
  },
  "30495": {
    "name": "",
    "slug": "japan-ishinomaki",
    "full_slug": "30495-japan-ishinomaki"
  },
  "30489": {
    "name": "",
    "slug": "japan-inuyama",
    "full_slug": "30489-japan-inuyama"
  },
  "30628": {
    "name": "",
    "slug": "japan-noshiro",
    "full_slug": "30628-japan-noshiro"
  },
  "30661": {
    "name": "",
    "slug": "japan-sakata",
    "full_slug": "30661-japan-sakata"
  },
  "30657": {
    "name": "",
    "slug": "japan-saijo",
    "full_slug": "30657-japan-saijo"
  },
  "30672": {
    "name": "",
    "slug": "japan-seki",
    "full_slug": "30672-japan-seki"
  },
  "30689": {
    "name": "",
    "slug": "japan-suwa",
    "full_slug": "30689-japan-suwa"
  },
  "30701": {
    "name": "",
    "slug": "japan-takayama",
    "full_slug": "30701-japan-takayama"
  },
  "30713": {
    "name": "",
    "slug": "japan-toki",
    "full_slug": "30713-japan-toki"
  },
  "30736": {
    "name": "",
    "slug": "japan-ueda",
    "full_slug": "30736-japan-ueda"
  },
  "30760": {
    "name": "",
    "slug": "japan-yuki",
    "full_slug": "30760-japan-yuki"
  },
  "30762": {
    "name": "",
    "slug": "japan-zama",
    "full_slug": "30762-japan-zama"
  },
  "30747": {
    "name": "",
    "slug": "japan-yaizu",
    "full_slug": "30747-japan-yaizu"
  },
  "68821": {
    "name": "",
    "slug": "japan-sangenchaya",
    "full_slug": "68821-japan-sangenchaya"
  },
  "68716": {
    "name": "",
    "slug": "japan-esashi",
    "full_slug": "68716-japan-esashi"
  },
  "68796": {
    "name": "",
    "slug": "japan-nagayo",
    "full_slug": "68796-japan-nagayo"
  },
  "68801": {
    "name": "",
    "slug": "japan-nagoja",
    "full_slug": "68801-japan-nagoja"
  },
  "99256": {
    "name": "",
    "slug": "japan-saporo",
    "full_slug": "99256-japan-saporo"
  },
  "182360": {
    "name": "",
    "slug": "japan-biei",
    "full_slug": "182360-japan-biei"
  },
  "30402": {
    "name": "",
    "slug": "japan-akashi",
    "full_slug": "30402-japan-akashi"
  },
  "30420": {
    "name": "",
    "slug": "japan-chitose",
    "full_slug": "30420-japan-chitose"
  },
  "30416": {
    "name": "",
    "slug": "japan-chichibu",
    "full_slug": "30416-japan-chichibu"
  },
  "30445": {
    "name": "",
    "slug": "japan-gotemba",
    "full_slug": "30445-japan-gotemba"
  },
  "30555": {
    "name": "",
    "slug": "japan-komatsu",
    "full_slug": "30555-japan-komatsu"
  },
  "30542": {
    "name": "",
    "slug": "japan-kitakami",
    "full_slug": "30542-japan-kitakami"
  },
  "30584": {
    "name": "",
    "slug": "japan-mihara",
    "full_slug": "30584-japan-mihara"
  },
  "30591": {
    "name": "",
    "slug": "japan-miyakonojo",
    "full_slug": "30591-japan-miyakonojo"
  },
  "30618": {
    "name": "",
    "slug": "japan-naruto",
    "full_slug": "30618-japan-naruto"
  },
  "30631": {
    "name": "",
    "slug": "japan-obu",
    "full_slug": "30631-japan-obu"
  },
  "30633": {
    "name": "",
    "slug": "japan-odawara",
    "full_slug": "30633-japan-odawara"
  },
  "30480": {
    "name": "",
    "slug": "japan-iida",
    "full_slug": "30480-japan-iida"
  },
  "30513": {
    "name": "",
    "slug": "japan-kakegawa",
    "full_slug": "30513-japan-kakegawa"
  },
  "30504": {
    "name": "",
    "slug": "japan-iwata",
    "full_slug": "30504-japan-iwata"
  },
  "30496": {
    "name": "",
    "slug": "japan-ishioka",
    "full_slug": "30496-japan-ishioka"
  },
  "30522": {
    "name": "",
    "slug": "japan-kariya",
    "full_slug": "30522-japan-kariya"
  },
  "30531": {
    "name": "",
    "slug": "japan-kawagoe",
    "full_slug": "30531-japan-kawagoe"
  },
  "30652": {
    "name": "",
    "slug": "japan-oyama",
    "full_slug": "30652-japan-oyama"
  },
  "30665": {
    "name": "",
    "slug": "japan-sanda",
    "full_slug": "30665-japan-sanda"
  },
  "30667": {
    "name": "",
    "slug": "japan-sano",
    "full_slug": "30667-japan-sano"
  },
  "30694": {
    "name": "",
    "slug": "japan-tajimi",
    "full_slug": "30694-japan-tajimi"
  },
  "30691": {
    "name": "",
    "slug": "japan-suzuka",
    "full_slug": "30691-japan-suzuka"
  },
  "30473": {
    "name": "",
    "slug": "japan-hofu",
    "full_slug": "30473-japan-hofu"
  },
  "30734": {
    "name": "",
    "slug": "japan-tsuyama",
    "full_slug": "30734-japan-tsuyama"
  },
  "68721": {
    "name": "",
    "slug": "japan-gumma",
    "full_slug": "68721-japan-gumma"
  },
  "68756": {
    "name": "",
    "slug": "japan-iwanuma",
    "full_slug": "68756-japan-iwanuma"
  },
  "68841": {
    "name": "",
    "slug": "japan-toyohasi",
    "full_slug": "68841-japan-toyohasi"
  },
  "68771": {
    "name": "",
    "slug": "japan-kioto",
    "full_slug": "68771-japan-kioto"
  },
  "68806": {
    "name": "",
    "slug": "japan-ogura",
    "full_slug": "68806-japan-ogura"
  },
  "68861": {
    "name": "",
    "slug": "japan-yashima",
    "full_slug": "68861-japan-yashima"
  },
  "30586": {
    "name": "",
    "slug": "japan-mishima",
    "full_slug": "30586-japan-mishima"
  },
  "182350": {
    "name": "",
    "slug": "japan-kamogawa",
    "full_slug": "182350-japan-kamogawa"
  },
  "176268": {
    "name": "",
    "slug": "japan-kanto",
    "full_slug": "176268-japan-kanto"
  },
  "33188": {
    "name": "",
    "slug": "japan-yamato",
    "full_slug": "33188-japan-yamato"
  },
  "33196": {
    "name": "",
    "slug": "japan-hakusan",
    "full_slug": "33196-japan-hakusan"
  },
  "33198": {
    "name": "",
    "slug": "japan-fujimi",
    "full_slug": "33198-japan-fujimi"
  },
  "30404": {
    "name": "",
    "slug": "japan-ako",
    "full_slug": "30404-japan-ako"
  },
  "30418": {
    "name": "",
    "slug": "japan-chino",
    "full_slug": "30418-japan-chino"
  },
  "30419": {
    "name": "",
    "slug": "japan-chiryu",
    "full_slug": "30419-japan-chiryu"
  },
  "30406": {
    "name": "",
    "slug": "japan-anan",
    "full_slug": "30406-japan-anan"
  },
  "30431": {
    "name": "",
    "slug": "japan-fukaya",
    "full_slug": "30431-japan-fukaya"
  },
  "30441": {
    "name": "",
    "slug": "japan-futtsu",
    "full_slug": "30441-japan-futtsu"
  },
  "30454": {
    "name": "",
    "slug": "japan-hanamaki",
    "full_slug": "30454-japan-hanamaki"
  },
  "30468": {
    "name": "",
    "slug": "japan-hiratsuka",
    "full_slug": "30468-japan-hiratsuka"
  },
  "30535": {
    "name": "",
    "slug": "japan-kazo",
    "full_slug": "30535-japan-kazo"
  },
  "30554": {
    "name": "",
    "slug": "japan-komaki",
    "full_slug": "30554-japan-komaki"
  },
  "30537": {
    "name": "",
    "slug": "japan-kimitsu",
    "full_slug": "30537-japan-kimitsu"
  },
  "30566": {
    "name": "",
    "slug": "japan-kure",
    "full_slug": "30566-japan-kure"
  },
  "30539": {
    "name": "",
    "slug": "japan-kisarazu",
    "full_slug": "30539-japan-kisarazu"
  },
  "30557": {
    "name": "",
    "slug": "japan-konosu",
    "full_slug": "30557-japan-konosu"
  },
  "30549": {
    "name": "",
    "slug": "japan-koga",
    "full_slug": "30549-japan-koga"
  },
  "30576": {
    "name": "",
    "slug": "japan-marugame",
    "full_slug": "30576-japan-marugame"
  },
  "30585": {
    "name": "",
    "slug": "japan-miki",
    "full_slug": "30585-japan-miki"
  },
  "30589": {
    "name": "",
    "slug": "japan-miura",
    "full_slug": "30589-japan-miura"
  },
  "30602": {
    "name": "",
    "slug": "japan-muroran",
    "full_slug": "30602-japan-muroran"
  },
  "30599": {
    "name": "",
    "slug": "japan-moriyama",
    "full_slug": "30599-japan-moriyama"
  },
  "30610": {
    "name": "",
    "slug": "japan-nago",
    "full_slug": "30610-japan-nago"
  },
  "30605": {
    "name": "",
    "slug": "japan-nagahama",
    "full_slug": "30605-japan-nagahama"
  },
  "30625": {
    "name": "",
    "slug": "japan-noboribetsu",
    "full_slug": "30625-japan-noboribetsu"
  },
  "30620": {
    "name": "",
    "slug": "japan-niihama",
    "full_slug": "30620-japan-niihama"
  },
  "30623": {
    "name": "",
    "slug": "japan-nishio",
    "full_slug": "30623-japan-nishio"
  },
  "30472": {
    "name": "",
    "slug": "japan-hita",
    "full_slug": "30472-japan-hita"
  },
  "30483": {
    "name": "",
    "slug": "japan-ikoma",
    "full_slug": "30483-japan-ikoma"
  },
  "30484": {
    "name": "",
    "slug": "japan-imabari",
    "full_slug": "30484-japan-imabari"
  },
  "30485": {
    "name": "",
    "slug": "japan-imaichi",
    "full_slug": "30485-japan-imaichi"
  },
  "30490": {
    "name": "",
    "slug": "japan-isahaya",
    "full_slug": "30490-japan-isahaya"
  },
  "30519": {
    "name": "",
    "slug": "japan-kanoya",
    "full_slug": "30519-japan-kanoya"
  },
  "30529": {
    "name": "",
    "slug": "japan-kasugai",
    "full_slug": "30529-japan-kasugai"
  },
  "30524": {
    "name": "",
    "slug": "japan-kashihara",
    "full_slug": "30524-japan-kashihara"
  },
  "30530": {
    "name": "",
    "slug": "japan-kasukabe",
    "full_slug": "30530-japan-kasukabe"
  },
  "30525": {
    "name": "",
    "slug": "japan-kashima",
    "full_slug": "30525-japan-kashima"
  },
  "30643": {
    "name": "",
    "slug": "japan-omura",
    "full_slug": "30643-japan-omura"
  },
  "30679": {
    "name": "",
    "slug": "japan-shimonoseki",
    "full_slug": "30679-japan-shimonoseki"
  },
  "30702": {
    "name": "",
    "slug": "japan-takefu",
    "full_slug": "30702-japan-takefu"
  },
  "30704": {
    "name": "",
    "slug": "japan-tanabe",
    "full_slug": "30704-japan-tanabe"
  },
  "30722": {
    "name": "",
    "slug": "japan-tosu",
    "full_slug": "30722-japan-tosu"
  },
  "30731": {
    "name": "",
    "slug": "japan-tsuruoka",
    "full_slug": "30731-japan-tsuruoka"
  },
  "30737": {
    "name": "",
    "slug": "japan-ueno",
    "full_slug": "30737-japan-ueno"
  },
  "30761": {
    "name": "",
    "slug": "japan-yukuhashi",
    "full_slug": "30761-japan-yukuhashi"
  },
  "30516": {
    "name": "",
    "slug": "japan-kameoka",
    "full_slug": "30516-japan-kameoka"
  },
  "30752": {
    "name": "",
    "slug": "japan-yawata",
    "full_slug": "30752-japan-yawata"
  },
  "68856": {
    "name": "",
    "slug": "japan-yamaguti",
    "full_slug": "68856-japan-yamaguti"
  },
  "68781": {
    "name": "",
    "slug": "japan-mikuni",
    "full_slug": "68781-japan-mikuni"
  },
  "181004": {
    "name": "",
    "slug": "japan-asagaya",
    "full_slug": "181004-japan-asagaya"
  },
  "179731": {
    "name": "",
    "slug": "japan-mito-art-tower",
    "full_slug": "179731-japan-mito-art-tower"
  },
  "180315": {
    "name": "",
    "slug": "japan-atami",
    "full_slug": "180315-japan-atami"
  },
  "180360": {
    "name": "",
    "slug": "japan-ayabe",
    "full_slug": "180360-japan-ayabe"
  },
  "179525": {
    "name": "",
    "slug": "japan-bihorocity",
    "full_slug": "179525-japan-bihorocity"
  },
  "176518": {
    "name": "",
    "slug": "japan-matsushima",
    "full_slug": "176518-japan-matsushima"
  },
  "109301": {
    "name": "",
    "slug": "japan-sumoto",
    "full_slug": "109301-japan-sumoto"
  },
  "120909": {
    "name": "",
    "slug": "japan-niigita",
    "full_slug": "120909-japan-niigita"
  },
  "33192": {
    "name": "",
    "slug": "japan-tama",
    "full_slug": "33192-japan-tama"
  },
  "33193": {
    "name": "",
    "slug": "japan-osaki",
    "full_slug": "33193-japan-osaki"
  },
  "33195": {
    "name": "",
    "slug": "japan-mino",
    "full_slug": "33195-japan-mino"
  },
  "33194": {
    "name": "",
    "slug": "japan-misato",
    "full_slug": "33194-japan-misato"
  },
  "33197": {
    "name": "",
    "slug": "japan-kasuga",
    "full_slug": "33197-japan-kasuga"
  },
  "33199": {
    "name": "",
    "slug": "japan-yokote",
    "full_slug": "33199-japan-yokote"
  },
  "33190": {
    "name": "",
    "slug": "japan-yachiyo",
    "full_slug": "33190-japan-yachiyo"
  },
  "33191": {
    "name": "",
    "slug": "japan-iruma",
    "full_slug": "33191-japan-iruma"
  },
  "30401": {
    "name": "",
    "slug": "japan-ageo",
    "full_slug": "30401-japan-ageo"
  },
  "30400": {
    "name": "",
    "slug": "japan-abiko",
    "full_slug": "30400-japan-abiko"
  },
  "30422": {
    "name": "",
    "slug": "japan-choshi",
    "full_slug": "30422-japan-choshi"
  },
  "30426": {
    "name": "",
    "slug": "japan-fujieda",
    "full_slug": "30426-japan-fujieda"
  },
  "30432": {
    "name": "",
    "slug": "japan-fukuchiyama",
    "full_slug": "30432-japan-fukuchiyama"
  },
  "30446": {
    "name": "",
    "slug": "japan-gushikawa",
    "full_slug": "30446-japan-gushikawa"
  },
  "30439": {
    "name": "",
    "slug": "japan-furukawa",
    "full_slug": "30439-japan-furukawa"
  },
  "30447": {
    "name": "",
    "slug": "japan-gyoda",
    "full_slug": "30447-japan-gyoda"
  },
  "30452": {
    "name": "",
    "slug": "japan-hamakita",
    "full_slug": "30452-japan-hamakita"
  },
  "30456": {
    "name": "",
    "slug": "japan-hanno",
    "full_slug": "30456-japan-hanno"
  },
  "30457": {
    "name": "",
    "slug": "japan-hanyu",
    "full_slug": "30457-japan-hanyu"
  },
  "30462": {
    "name": "",
    "slug": "japan-hekinan",
    "full_slug": "30462-japan-hekinan"
  },
  "30450": {
    "name": "",
    "slug": "japan-hadano",
    "full_slug": "30450-japan-hadano"
  },
  "30458": {
    "name": "",
    "slug": "japan-hashimoto",
    "full_slug": "30458-japan-hashimoto"
  },
  "30474": {
    "name": "",
    "slug": "japan-honjo",
    "full_slug": "30474-japan-honjo"
  },
  "30459": {
    "name": "",
    "slug": "japan-hasuda",
    "full_slug": "30459-japan-hasuda"
  },
  "30465": {
    "name": "",
    "slug": "japan-himi",
    "full_slug": "30465-japan-himi"
  },
  "30461": {
    "name": "",
    "slug": "japan-hatsukaichi",
    "full_slug": "30461-japan-hatsukaichi"
  },
  "30429": {
    "name": "",
    "slug": "japan-fujioka",
    "full_slug": "30429-japan-fujioka"
  },
  "30541": {
    "name": "",
    "slug": "japan-kitaibaraki",
    "full_slug": "30541-japan-kitaibaraki"
  },
  "30536": {
    "name": "",
    "slug": "japan-kesennuma",
    "full_slug": "30536-japan-kesennuma"
  },
  "30560": {
    "name": "",
    "slug": "japan-kudamatsu",
    "full_slug": "30560-japan-kudamatsu"
  },
  "30561": {
    "name": "",
    "slug": "japan-kuki",
    "full_slug": "30561-japan-kuki"
  },
  "30567": {
    "name": "",
    "slug": "japan-kuroiso",
    "full_slug": "30567-japan-kuroiso"
  },
  "30583": {
    "name": "",
    "slug": "japan-matto",
    "full_slug": "30583-japan-matto"
  },
  "30551": {
    "name": "",
    "slug": "japan-kokubu",
    "full_slug": "30551-japan-kokubu"
  },
  "30573": {
    "name": "",
    "slug": "japan-maebaru",
    "full_slug": "30573-japan-maebaru"
  },
  "30570": {
    "name": "",
    "slug": "japan-kuwana",
    "full_slug": "30570-japan-kuwana"
  },
  "30575": {
    "name": "",
    "slug": "japan-maizuru",
    "full_slug": "30575-japan-maizuru"
  },
  "30590": {
    "name": "",
    "slug": "japan-miyako",
    "full_slug": "30590-japan-miyako"
  },
  "30594": {
    "name": "",
    "slug": "japan-mizusawa",
    "full_slug": "30594-japan-mizusawa"
  },
  "30600": {
    "name": "",
    "slug": "japan-moriya",
    "full_slug": "30600-japan-moriya"
  },
  "30601": {
    "name": "",
    "slug": "japan-muko",
    "full_slug": "30601-japan-muko"
  },
  "30595": {
    "name": "",
    "slug": "japan-mobara",
    "full_slug": "30595-japan-mobara"
  },
  "30596": {
    "name": "",
    "slug": "japan-moka",
    "full_slug": "30596-japan-moka"
  },
  "30593": {
    "name": "",
    "slug": "japan-miyoshi",
    "full_slug": "30593-japan-miyoshi"
  },
  "30604": {
    "name": "",
    "slug": "japan-nabari",
    "full_slug": "30604-japan-nabari"
  },
  "30624": {
    "name": "",
    "slug": "japan-nobeoka",
    "full_slug": "30624-japan-nobeoka"
  },
  "30626": {
    "name": "",
    "slug": "japan-noda",
    "full_slug": "30626-japan-noda"
  },
  "30634": {
    "name": "",
    "slug": "japan-ogaki",
    "full_slug": "30634-japan-ogaki"
  },
  "30648": {
    "name": "",
    "slug": "japan-ota",
    "full_slug": "30648-japan-ota"
  },
  "30621": {
    "name": "",
    "slug": "japan-niitsu",
    "full_slug": "30621-japan-niitsu"
  },
  "30635": {
    "name": "",
    "slug": "japan-oi",
    "full_slug": "30635-japan-oi"
  },
  "30632": {
    "name": "",
    "slug": "japan-odate",
    "full_slug": "30632-japan-odate"
  },
  "30640": {
    "name": "",
    "slug": "japan-okegawa",
    "full_slug": "30640-japan-okegawa"
  },
  "30627": {
    "name": "",
    "slug": "japan-nogata",
    "full_slug": "30627-japan-nogata"
  },
  "30650": {
    "name": "",
    "slug": "japan-otawara",
    "full_slug": "30650-japan-otawara"
  },
  "30481": {
    "name": "",
    "slug": "japan-iizuka",
    "full_slug": "30481-japan-iizuka"
  },
  "30479": {
    "name": "",
    "slug": "japan-ichinoseki",
    "full_slug": "30479-japan-ichinoseki"
  },
  "30488": {
    "name": "",
    "slug": "japan-inazawa",
    "full_slug": "30488-japan-inazawa"
  },
  "30499": {
    "name": "",
    "slug": "japan-itoman",
    "full_slug": "30499-japan-itoman"
  },
  "30486": {
    "name": "",
    "slug": "japan-imari",
    "full_slug": "30486-japan-imari"
  },
  "30500": {
    "name": "",
    "slug": "japan-iwade",
    "full_slug": "30500-japan-iwade"
  },
  "30514": {
    "name": "",
    "slug": "japan-kakogawa",
    "full_slug": "30514-japan-kakogawa"
  },
  "30505": {
    "name": "",
    "slug": "japan-iwatsuki",
    "full_slug": "30505-japan-iwatsuki"
  },
  "30491": {
    "name": "",
    "slug": "japan-isehara",
    "full_slug": "30491-japan-isehara"
  },
  "30498": {
    "name": "",
    "slug": "japan-ito",
    "full_slug": "30498-japan-ito"
  },
  "30528": {
    "name": "",
    "slug": "japan-kashiwazaki",
    "full_slug": "30528-japan-kashiwazaki"
  },
  "30523": {
    "name": "",
    "slug": "japan-kasaoka",
    "full_slug": "30523-japan-kasaoka"
  },
  "30517": {
    "name": "",
    "slug": "japan-kamifukuoka",
    "full_slug": "30517-japan-kamifukuoka"
  },
  "30520": {
    "name": "",
    "slug": "japan-kanuma",
    "full_slug": "30520-japan-kanuma"
  },
  "30521": {
    "name": "",
    "slug": "japan-karatsu",
    "full_slug": "30521-japan-karatsu"
  },
  "30653": {
    "name": "",
    "slug": "japan-ryugasaki",
    "full_slug": "30653-japan-ryugasaki"
  },
  "30646": {
    "name": "",
    "slug": "japan-ono",
    "full_slug": "30646-japan-ono"
  },
  "30642": {
    "name": "",
    "slug": "japan-ome",
    "full_slug": "30642-japan-ome"
  },
  "30658": {
    "name": "",
    "slug": "japan-sakado",
    "full_slug": "30658-japan-sakado"
  },
  "30638": {
    "name": "",
    "slug": "japan-okaya",
    "full_slug": "30638-japan-okaya"
  },
  "30654": {
    "name": "",
    "slug": "japan-sabae",
    "full_slug": "30654-japan-sabae"
  },
  "30659": {
    "name": "",
    "slug": "japan-sakaide",
    "full_slug": "30659-japan-sakaide"
  },
  "30674": {
    "name": "",
    "slug": "japan-seto",
    "full_slug": "30674-japan-seto"
  },
  "30662": {
    "name": "",
    "slug": "japan-sakurai",
    "full_slug": "30662-japan-sakurai"
  },
  "30670": {
    "name": "",
    "slug": "japan-satte",
    "full_slug": "30670-japan-satte"
  },
  "30666": {
    "name": "",
    "slug": "japan-sanjo",
    "full_slug": "30666-japan-sanjo"
  },
  "30675": {
    "name": "",
    "slug": "japan-shibata",
    "full_slug": "30675-japan-shibata"
  },
  "30663": {
    "name": "",
    "slug": "japan-sakura",
    "full_slug": "30663-japan-sakura"
  },
  "30671": {
    "name": "",
    "slug": "japan-sayama",
    "full_slug": "30671-japan-sayama"
  },
  "30680": {
    "name": "",
    "slug": "japan-shiogama",
    "full_slug": "30680-japan-shiogama"
  },
  "30677": {
    "name": "",
    "slug": "japan-shimada",
    "full_slug": "30677-japan-shimada"
  },
  "30681": {
    "name": "",
    "slug": "japan-shiojiri",
    "full_slug": "30681-japan-shiojiri"
  },
  "30678": {
    "name": "",
    "slug": "japan-shimodate",
    "full_slug": "30678-japan-shimodate"
  },
  "30682": {
    "name": "",
    "slug": "japan-shiraoka",
    "full_slug": "30682-japan-shiraoka"
  },
  "30685": {
    "name": "",
    "slug": "japan-soja",
    "full_slug": "30685-japan-soja"
  },
  "30688": {
    "name": "",
    "slug": "japan-sukagawa",
    "full_slug": "30688-japan-sukagawa"
  },
  "30683": {
    "name": "",
    "slug": "japan-shiroi",
    "full_slug": "30683-japan-shiroi"
  },
  "30708": {
    "name": "",
    "slug": "japan-tendo",
    "full_slug": "30708-japan-tendo"
  },
  "30703": {
    "name": "",
    "slug": "japan-tamano",
    "full_slug": "30703-japan-tamano"
  },
  "30693": {
    "name": "",
    "slug": "japan-tagawa",
    "full_slug": "30693-japan-tagawa"
  },
  "30709": {
    "name": "",
    "slug": "japan-tenri",
    "full_slug": "30709-japan-tenri"
  },
  "30719": {
    "name": "",
    "slug": "japan-tomigusuku",
    "full_slug": "30719-japan-tomigusuku"
  },
  "30720": {
    "name": "",
    "slug": "japan-tondabayashi",
    "full_slug": "30720-japan-tondabayashi"
  },
  "30716": {
    "name": "",
    "slug": "japan-tokuyama",
    "full_slug": "30716-japan-tokuyama"
  },
  "30707": {
    "name": "",
    "slug": "japan-tateyama",
    "full_slug": "30707-japan-tateyama"
  },
  "30721": {
    "name": "",
    "slug": "japan-toride",
    "full_slug": "30721-japan-toride"
  },
  "30712": {
    "name": "",
    "slug": "japan-togane",
    "full_slug": "30712-japan-togane"
  },
  "30732": {
    "name": "",
    "slug": "japan-tsushima",
    "full_slug": "30732-japan-tsushima"
  },
  "30751": {
    "name": "",
    "slug": "japan-yatsushiro",
    "full_slug": "30751-japan-yatsushiro"
  },
  "30706": {
    "name": "",
    "slug": "japan-tatebayashi",
    "full_slug": "30706-japan-tatebayashi"
  },
  "30726": {
    "name": "",
    "slug": "japan-toyokawa",
    "full_slug": "30726-japan-toyokawa"
  },
  "30690": {
    "name": "",
    "slug": "japan-suzaka",
    "full_slug": "30690-japan-suzaka"
  },
  "30556": {
    "name": "",
    "slug": "japan-konan",
    "full_slug": "30556-japan-konan"
  },
  "30740": {
    "name": "",
    "slug": "japan-ushiku",
    "full_slug": "30740-japan-ushiku"
  },
  "30759": {
    "name": "",
    "slug": "japan-yotsukaido",
    "full_slug": "30759-japan-yotsukaido"
  },
  "30746": {
    "name": "",
    "slug": "japan-yachimata",
    "full_slug": "30746-japan-yachimata"
  },
  "30742": {
    "name": "",
    "slug": "japan-uwajima",
    "full_slug": "30742-japan-uwajima"
  },
  "183383": {
    "name": "",
    "slug": "japan-hakuba",
    "full_slug": "183383-japan-hakuba"
  },
  "183384": {
    "name": "",
    "slug": "japan-niseko",
    "full_slug": "183384-japan-niseko"
  },
  "183437": {
    "name": "",
    "slug": "japan-kijimadaira",
    "full_slug": "183437-japan-kijimadaira"
  },
  "184340": {
    "name": "",
    "slug": "japan-toyooka",
    "full_slug": "184340-japan-toyooka"
  },
  "184560": {
    "name": "",
    "slug": "japan-yame",
    "full_slug": "184560-japan-yame"
  },
  "185196": {
    "name": "",
    "slug": "japan-koza",
    "full_slug": "185196-japan-koza"
  },
  "185204": {
    "name": "",
    "slug": "japan-ishigaki",
    "full_slug": "185204-japan-ishigaki"
  }
}